<application name="com.netflix.mediaclient"></application>
<application name="com.amazon.avod.thirdpartyclient"></application>
<application name="com.google.android.youtube"></application>
<application name="com.brouken.player"></application>
<application name="com.attempt.afusekt"></application>
<application name="com.limelight.noir"></application>
<application name="org.videolan.vlc"></application>
<application name="com.mxtech.videoplayer.ad"></application>
<application name="com.limelight"></application>
<application name="com.disney.disneyplus"></application>
<application name="com.hulu.plus"></application>
<application name="com.hbo.max"></application>
<application name="tv.twitch.android.app"></application>
<application name="com.peacocktv.peacockandroid"></application>
<application name="com.pluto.tv"></application>
<application name="com.tubi.android"></application>
<application name="com.plexapp.android"></application>
<application name="com.mb.android"></application>
<application name="tv.emby.embyatv"></application>
<application name="com.instagram.android"></application>
<application name="com.android.chrome"></application>
<application name="tv.danmaku.bili"></application>
<application name="com.tencent.qqlive"></application>
<application name="com.qiyi.video"></application>
<application name="com.youku.phone"></application>
<application name="com.bilibili.app.in"></application>
<application name="com.tencent.qqlivei18n.us"></application>
<application name="com.iqiyi.i18n"></application>
<application name="com.youku.international.phone"></application>
<application name="com.ss.android.ugc.trill"></application>
<application name="com.m3u.androidApp"></application>